steps	avg_reward	std_reward
0	29.41176470588235	20.24281665918994
1	20.72	9.622972513729842
2	20.48	11.600413785723335
3	29.823529411764707	15.12782902708331
4	23.09090909090909	8.256727785206937
5	31.5	14.031215200402281
6	40.30769230769231	22.858711907261345
7	41.46153846153846	27.18488093553639
8	33.46666666666667	11.301130720222448
9	31.5	14.221462653327892
10	49.09090909090909	18.573953147814013
11	40.0	12.216004634526348
12	66.125	38.36807755152713
13	58.22222222222222	27.425769624682783
14	58.666666666666664	30.147784145586705
15	65.1	36.05121357180643
16	53.7	25.510978029076032
17	58.0	26.679163738351654
18	89.33333333333333	57.013643591298
19	85.0	40.42629978474056
20	85.0	16.990193249832878
21	99.83333333333333	48.4335168613178
22	76.71428571428571	57.549269042681495
23	138.25	40.88627520330019
24	127.5	22.36626924634504
25	206.66666666666666	4.988876515698588
26	228.0	89.43153806124549
27	314.5	47.5
28	132.5	43.34454983039967
29	277.0	32.0
30	231.66666666666666	32.5610537640019
31	500.0	0.0
32	312.5	35.5
33	300.5	61.5
34	443.5	56.5
35	356.5	143.5
36	419.0	29.0
37	443.0	8.0
38	500.0	0.0
39	307.5	25.5
40	500.0	0.0
41	310.3333333333333	175.95517105848927
42	500.0	0.0
43	324.3333333333333	124.29624111595473
44	500.0	0.0
45	500.0	0.0
46	500.0	0.0
47	500.0	0.0
48	269.5	39.5
49	500.0	0.0
50	500.0	0.0
51	465.0	35.0
52	500.0	0.0
53	417.5	82.5
54	466.0	34.0
55	500.0	0.0
56	500.0	0.0
57	500.0	0.0
58	500.0	0.0
59	500.0	0.0
60	500.0	0.0
61	500.0	0.0
62	500.0	0.0
63	500.0	0.0
64	500.0	0.0
65	500.0	0.0
66	500.0	0.0
67	500.0	0.0
68	500.0	0.0
69	500.0	0.0
70	380.0	120.0
71	500.0	0.0
72	500.0	0.0
73	500.0	0.0
74	322.5	177.5
75	431.0	10.0
76	463.0	34.0
77	500.0	0.0
78	500.0	0.0
79	500.0	0.0
80	500.0	0.0
81	500.0	0.0
82	500.0	0.0
83	500.0	0.0
84	500.0	0.0
85	431.0	69.0
86	500.0	0.0
87	500.0	0.0
88	500.0	0.0
89	500.0	0.0
90	500.0	0.0
91	500.0	0.0
92	500.0	0.0
93	500.0	0.0
94	500.0	0.0
95	500.0	0.0
96	500.0	0.0
97	402.5	97.5
98	500.0	0.0
99	500.0	0.0
