steps	avg_reward	std_reward
0	-1202.3311354710509	223.90826518669576
1	-1331.5400469841866	307.0368353841097
2	-1332.1435688777378	305.4780835926242
3	-1469.5270733479238	177.65766619318515
4	-1474.2810229119525	210.27913885659785
5	-1479.3893541889013	171.63369675912614
6	-1501.7630559982554	236.91346894897669
7	-1537.2194033227233	189.58827593835255
8	-1573.3575988862067	171.69281816667615
9	-1578.9880916308978	219.74728869518975
